<?xml version="1.0" encoding="UTF-8"?>
<!DOCTYPE book PUBLIC "-//OASIS//DTD DocBook XML V4.5//EN" "http://www.oasis-open.org/docbook/xml/4.5/docbookx.dtd">
<book>
  <title>Maven Unit and Integration Test Guide</title>
  <titleabbrev>MaUI Guide</titleabbrev>

  <bookinfo>
    <edition>${project.version}</edition>
    <authorgroup>
      <author>
        <surname>Marbaise</surname>
        <firstname>Karl Heinz</firstname>
        <email>maui@soebes.de</email>
      </author>
    </authorgroup>

    <abstract role="description-short">
      <para>This is the
        <literal>The Maven Unit and Integration Test Guide</literal>
        (MaUI Test Guide) which describes the different options how to do unit-
        and integration testing with
        <ulink url="http://maven.apache.org">Maven</ulink>
        in different situations. For example if you are writing a Maven Plugin
        or just developing different other modules.
      </para>
      <para>
        This is no plugin or development project it is <literal>just</literal> 
        a guide how to do unit and or integration tests in relationship with
        <ulink url="http://maven.apache.org">Maven</ulink>.</para>
     <para>
        This guides requires that you are already familiar with Maven and it's
        <ulink url="http://maven.apache.org/guides/introduction/introduction-to-the-lifecycle.html">life-cycles</ulink>
        etc. It will not explain how to configure a Maven Plugin etc.
        If you don't know
        <ulink url="http://maven.apache.org">Maven</ulink> or it's basic usage 
        i recommend you to read
        <ulink url="http://www.sonatype.com/index.php/Support/Books/Maven-The-Complete-Reference">Maven: The Complete Reference</ulink>
        or
        <ulink url="http://www.sonatype.com/index.php/Support/Books/Maven-By-Example">Maven by Example</ulink>
        other sources.
      </para>
    </abstract>
  </bookinfo>

  <xi:include href="copyright.xml" xmlns:xi="http://www.w3.org/2001/XInclude" />

  <xi:include href="unit-testing.xml" xmlns:xi="http://www.w3.org/2001/XInclude" />

  <xi:include href="integration-testing.xml" xmlns:xi="http://www.w3.org/2001/XInclude" />
  
  <xi:include href="it-maven-plugins.xml" xmlns:xi="http://www.w3.org/2001/XInclude" />

</book>
