<!--

    The Maven Unit- and Integration Test Guide (MaUI for short)

    Copyright (c) 2011 by SoftwareEntwicklung Beratung Schulung (SoEBeS)
    Copyright (c) 2011 by Karl Heinz Marbaise

    Licensed to the Apache Software Foundation (ASF) under one or more
    contributor license agreements.  See the NOTICE file distributed with
    this work for additional information regarding copyright ownership.
    The ASF licenses this file to You under the Apache License, Version 2.0
    (the "License"); you may not use this file except in compliance with
    the License.  You may obtain a copy of the License at

       http://www.apache.org/licenses/LICENSE-2.0

    Unless required by applicable law or agreed to in writing, software
    distributed under the License is distributed on an "AS IS" BASIS,
    WITHOUT WARRANTIES OR CONDITIONS OF ANY KIND, either express or implied.
    See the License for the specific language governing permissions and
    limitations under the License.

-->
<document
    xmlns="http://maven.apache.org/changes/1.0.0"
    xmlns:xsi="http://www.w3.org/2001/XMLSchema-instance"
    xsi:schemaLocation="http://maven.apache.org/changes/1.0.0 http://maven.apache.org/xsd/changes-1.0.0.xsd">
    <properties>
        <title>Maven Unit- and Integration Test Guide</title>
        <author email="maui@soebes.de">Karl Heinz Marbaise</author>
    </properties>
    <body>
        <release version="0.1.0 First" date="2011-04-22" description="First Release">
          <action dev="Karl Heinz Marbaise" type="update">
          </action>
        </release>
    </body>
</document>

