<assembly
    xmlns="http://maven.apache.org/plugins/maven-assembly-plugin/assembly/1.1.0"
    xmlns:xsi="http://www.w3.org/2001/XMLSchema-instance"
    xsi:schemaLocation="http://maven.apache.org/plugins/maven-assembly-plugin/assembly/1.1.0 http://maven.apache.org/xsd/assembly-1.1.0.xsd">

    <id>src</id>
    <formats>
        <format>zip</format>
        <format>tar.gz</format>
        <format>tar.bz2</format>
    </formats>
    <fileSets>
        <fileSet>
            <directory>src/main/resources</directory>
            <outputDirectory>/</outputDirectory>
            <includes>
                <include>**/pom.xml</include>
                <include>**/src/**</include>
            </includes>
            <excludes>
                <exclude>.settings/**</exclude>
                <exclude>.project</exclude>
                <exclude>.classpath</exclude>
                <exclude>.gitignore</exclude>
                <exclude>**/target/**</exclude>
                <exclude>test-output/**</exclude>
            </excludes>
        </fileSet>
    </fileSets>
</assembly>

