<?xml version="1.0" encoding="UTF-8"?>
<databaseChangeLog xmlns="http://www.liquibase.org/xml/ns/dbchangelog"
                   xmlns:xsi="http://www.w3.org/2001/XMLSchema-instance"
                   xsi:schemaLocation="http://www.liquibase.org/xml/ns/dbchangelog http://www.liquibase.org/xml/ns/dbchangelog/dbchangelog-2.0.xsd">

    <changeSet id="add_aud_trigger" runAlways="true" author="tnurdinov" dbms="postgresql">
        <sql>
            select aud_add_audit();
        </sql>
    </changeSet>

    <changeSet id="add_aud_trigger_full" runAlways="true" author="tnurdinov" dbms="postgresql">
        <sql>
            select audit.add();
        </sql>
    </changeSet>

</databaseChangeLog>