<project name="This is the Site"> 
  <skin>
    <groupId>org.apache.maven.skins</groupId>
    <artifactId>maven-fluido-skin</artifactId>
    <version>1.3.1</version>
  </skin>

 <body> 
  <breadcrumbs>
    <item name="Englisch" href="../index.html"/>
  </breadcrumbs>
     <menu name="&Uuml;bersicht">
      <item name="Einf&uuml;hrung" href="index.html"/>
      <item name="Beispiele" href="examples.html"/>
      <item name="Datei laden" href="load.html"/>
      <item name="Features" href="features.html"/>
    </menu>
    <menu ref="parent"/> 
    <menu ref="modules"/> 
    <menu ref="reports"/> 
  </body> 
</project> 

