<assembly
	xmlns="http://maven.apache.org/plugins/maven-assembly-plugin/assembly/1.1.0"
	xmlns:xsi="http://www.w3.org/2001/XMLSchema-instance"
	xsi:schemaLocation="http://maven.apache.org/plugins/maven-assembly-plugin/assembly/1.1.0 http://maven.apache.org/xsd/assembly-1.1.0.xsd">

  <id>bin-unix</id>
  <formats>
    <format>tar.gz</format>
  </formats>
  <componentDescriptors>
    <componentDescriptor>src/main/assembly/bin-component.xml</componentDescriptor>
  </componentDescriptors>
  <fileSets>
    <fileSet>
      <directory>${project.build.directory}/appassembler/bin</directory>
      <outputDirectory>bin</outputDirectory>
      <fileMode>0755</fileMode>
      <includes>
        <include>utility</include>
      </includes>
    </fileSet>
  </fileSets>
</assembly>
