<?xml version="1.0" encoding="UTF-8"?>
<configuration>

  <statusListener class="ch.qos.logback.core.status.NopStatusListener" />

  <!-- Send debug messages to System.out -->
  <appender name="STDOUT" class="ch.qos.logback.core.ConsoleAppender">
    <!-- By default, encoders are assigned the type ch.qos.logback.classic.encoder.PatternLayoutEncoder -->
    <withJansi>true</withJansi>
    <encoder>
      <pattern>%date %highlight(%-5level) %cyan(%logger{5}@[%-4.30thread]) - %msg%n</pattern>
    </encoder>
  </appender>

  <!-- Console output for act-test test log -->
  <appender name="TEST_STDOUT" class="ch.qos.logback.core.ConsoleAppender">
    <!-- By default, encoders are assigned the type ch.qos.logback.classic.encoder.PatternLayoutEncoder -->
    <withJansi>true</withJansi>
    <encoder>
      <pattern>%msg%n</pattern>
    </encoder>
  </appender>

  <!-- main log file -->
  <appender name="FILE" class="ch.qos.logback.core.rolling.RollingFileAppender">
    <file>act.log</file>
    <encoder class="ch.qos.logback.classic.encoder.PatternLayoutEncoder">
      <Pattern>%d{yyyy-MM-dd_HH:mm:ss.SSS} [%thread] %-5level %logger{36} - %msg%n</Pattern>
    </encoder>

    <rollingPolicy class="ch.qos.logback.core.rolling.FixedWindowRollingPolicy">
      <FileNamePattern>/act.%i.log.zip</FileNamePattern>
      <MinIndex>1</MinIndex>
      <MaxIndex>10</MaxIndex>
    </rollingPolicy>

    <triggeringPolicy class="ch.qos.logback.core.rolling.SizeBasedTriggeringPolicy">
      <MaxFileSize>2MB</MaxFileSize>
    </triggeringPolicy>
  </appender>

  <!-- act-test test log file -->
  <appender name="TEST_FILE" class="ch.qos.logback.core.rolling.RollingFileAppender">
    <file>test.log</file>
    <encoder class="ch.qos.logback.classic.encoder.PatternLayoutEncoder">
      <Pattern>%msg%n</Pattern>
    </encoder>
  </appender>

  <appender name="DB_FILE" class="ch.qos.logback.core.rolling.RollingFileAppender">
    <file>act-db.log</file>
    <encoder class="ch.qos.logback.classic.encoder.PatternLayoutEncoder">
      <Pattern>%d{yyyy-MM-dd_HH:mm:ss.SSS} [%thread] %-5level %logger{36} - %msg%n</Pattern>
    </encoder>

    <rollingPolicy class="ch.qos.logback.core.rolling.FixedWindowRollingPolicy">
      <FileNamePattern>/act-db.%i.log.zip</FileNamePattern>
      <MinIndex>1</MinIndex>
      <MaxIndex>10</MaxIndex>
    </rollingPolicy>

    <triggeringPolicy class="ch.qos.logback.core.rolling.SizeBasedTriggeringPolicy">
      <MaxFileSize>2MB</MaxFileSize>
    </triggeringPolicy>
  </appender>

  <appender name="NOP" class="ch.qos.logback.core.helpers.NOPAppender"/>

  <logger name="act" level="INFO" additivity="false">
    <appender-ref ref="FILE" />
    <appender-ref ref="STDOUT" />
  </logger>

  <logger name="act.mail" level="DEBUG" additivity="false">
    <appender-ref ref="STDOUT"/>
  </logger>

  <logger name="act.db" level="INFO" additivity="false">
    <appender-ref ref="DB_FILE" />
  </logger>

  <logger name="act.test" level="INFO" additivity="false">
    <appender-ref ref="TEST_STDOUT"/>
    <appender-ref ref="TEST_FILE"/>
  </logger>

  <logger name="act.metric" level="TRACE">
    <appender-ref ref="NOP" />
  </logger>

  <logger name="acme.helloworld-web" level="DEBUG" additivity="false">
    <appender-ref ref="FILE" />
    <appender-ref ref="STDOUT" />
  </logger>

  <!-- By default, the level of the root level is set to INFO -->
  <root level="INFO">
    <appender-ref ref="STDOUT" />
  </root>
</configuration>
