<?xml version="1.0" encoding="UTF-8"?>
<project xmlns="http://maven.apache.org/DECORATION/1.7.0"
	xmlns:xsi="http://www.w3.org/2001/XMLSchema-instance"
	xsi:schemaLocation="http://maven.apache.org/DECORATION/1.7.0 http://maven.apache.org/xsd/decoration-1.7.0.xsd"
	name="maven-code-quality-pom">
	<skin>
		<groupId>org.apache.maven.skins</groupId>
		<artifactId>maven-fluido-skin</artifactId>
		<version>1.6</version>
	</skin>
	<body>

		<menu name="Code Quality Reports">
			<item name="Unit Tests" href="surefire-report.html">
				<item name="Code Coverage (JaCoCo)" href="jacoco/index.html" />
				<item name="Results (Surefire)" href="surefire-report.html"
					title="Report on the test results of the project." />
				<item name="Unit Test Javadocs" href="testapidocs/index.html" />
				<item name="Unit Test Source Code" href="xref-test/index.html" />
			</item>

			<item name="Coding Standards" href="checkstyle.html">
				<item name="Checkstyle" href="checkstyle.html"
					title="Report on coding style conventions." />
				<item name="CPD" href="cpd.html" title="Duplicate code detection." />
				<item name="FindBugs" href="findbugs.html"
					title="Generates a source code report with the FindBugs Library." />
				<item name="JDepend" href="jdepend-report.html">
					<description>Measure package extensibility, reusability, and maintainability.</description>
				</item>
				<item name="PMD" href="pmd.html" title="Verification of coding rules." />
			</item>

			<item name="Dependencies" href="dependency-updates-report.html"
				collapse="true">
				<item name="Dependency Convergence" href="dependency-convergence.html"
					target="_depWin" />
				<item name="Dependency Updates" href="dependency-updates-report.html"
					target="_depWin" />
				<item name="Plugin Updates" href="plugin-updates-report.html"
					target="_depWin" />
				<item name="Property Updates" href="property-updates-report.html"
					target="_depWin" />
			</item>

			<item name="Security Vulnerabilities" href="codenarc.html"
				collapse="true">
				<item name="CodeNarc" href="codenarc.html">
					<description>CodeNarc analyzes Groovy code for defects, bad practices, inconsistencies, style issues and more. A flexible framework for rules, rulesets and custom rules means it's easy to configure CodeNarc to fit into your project. Build tool, framework support, and report generation are all enterprise ready.</description>
				</item>
				<item name="Dependency Check" href="dependency-check-report.html">
					<description>Generates a report providing details on any published vulnerabilities within project dependencies. This report is a best effort and may contain false positives and false negatives.</description>
				</item>
			</item>

			<item name="Source Code" href="xref/index.html">
				<item name="Java" href="xref/index.html" />
				<item name="Javadocs" href="apidocs/index.html" />
			</item>
		</menu>

		<menu name="Contributions">
			<item name="Change Log" href="changelog.html">
				<description>Change log report from SCM.</description>
			</item>
			<item name="Contributors" href="dev-activity.html">
				<description>Developer activity report from SCM.</description>
			</item>
			<item name="Commits/Changes" href="file-activity.html">
				<description>File activity report from SCM.</description>
			</item>
		</menu>

		<menu ref="reports" />

	</body>

  <custom>
    <fluidoSkin>
      <googleSearch/>
      <sourceLineNumbersEnabled>true</sourceLineNumbersEnabled>
    </fluidoSkin>
  </custom>
</project>
