<?xml version="1.0" encoding="UTF-8"?>
<!--
  ~ Licensed to the Apache Software Foundation (ASF) under one or more
  ~ contributor license agreements.  See the NOTICE file distributed with
  ~ this work for additional information regarding copyright ownership.
  ~ The ASF licenses this file to You under the Apache License, Version 2.0
  ~ (the "License"); you may not use this file except in compliance with
  ~ the License.  You may obtain a copy of the License at
  ~
  ~     http://www.apache.org/licenses/LICENSE-2.0
  ~
  ~ Unless required by applicable law or agreed to in writing, software
  ~ distributed under the License is distributed on an "AS IS" BASIS,
  ~ WITHOUT WARRANTIES OR CONDITIONS OF ANY KIND, either express or implied.
  ~ See the License for the specific language governing permissions and
  ~ limitations under the License.
  -->

<!DOCTYPE mapper PUBLIC "-//mybatis.org//DTD Mapper 3.0//EN" "http://mybatis.org/dtd/mybatis-3-mapper.dtd">
<mapper namespace="com.zergclan.wormhole.console.infra.repository.mapper.DatasourceInfoMapper">
    <resultMap id="DatasourceInfoResultMap" type="com.zergclan.wormhole.console.application.domain.entity.DatasourceInfo">
        <result column="id" property="id" jdbcType="INTEGER"/>
        <result column="database_id" property="databaseId" jdbcType="INTEGER"/>
        <result column="schema" property="schema" jdbcType="VARCHAR"/>
        <result column="username" property="username" jdbcType="VARCHAR"/>
        <result column="password" property="password" jdbcType="VARCHAR"/>
        <result column="extend_parameters" property="extendParameters" jdbcType="VARCHAR"/>
        <result column="description" property="description" jdbcType="VARCHAR"/>
        <result column="operator" property="operator" jdbcType="INTEGER"/>
        <result column="create_time" property="createTime" jdbcType="TIMESTAMP"/>
        <result column="modify_time" property="modifyTime" jdbcType="TIMESTAMP"/>
    </resultMap>

    <sql id="table_name">datasource_info</sql>

    <sql id="id">id = #{id,jdbcType=INTEGER}</sql>

    <sql id="limit">LIMIT #{start}, #{size}</sql>

    <sql id="insert_columns">
        database_id, schema, username, password, extend_parameters, description, operator, create_time, modify_time
    </sql>

    <sql id="insert_values">
        #{databaseId,jdbcType=INTEGER}, #{schema,jdbcType=VARCHAR}, #{username,jdbcType=VARCHAR},
        #{password,jdbcType=VARCHAR}, #{extendParameters,jdbcType=VARCHAR}, #{description,jdbcType=VARCHAR},
        #{operator,jdbcType=INTEGER}, #{createTime,jdbcType=TIMESTAMP}, #{modifyTime,jdbcType=TIMESTAMP}
    </sql>

    <sql id="insert_batch_values">
        #{batch.databaseId,jdbcType=INTEGER}, #{batch.schema,jdbcType=VARCHAR}, #{batch.username,jdbcType=VARCHAR},
        #{batch.password,jdbcType=VARCHAR}, #{batch.extendParameters,jdbcType=VARCHAR}, #{batch.description,jdbcType=VARCHAR},
        #{batch.operator,jdbcType=INTEGER}, #{batch.createTime,jdbcType=TIMESTAMP}, #{batch.modifyTime,jdbcType=TIMESTAMP}
    </sql>

    <sql id="update_columns">
        <if test="null != databaseId">
            database_id = #{databaseId,jdbcType=INTEGER},
        </if>
        <if test="null != schema">
            schema = #{schema,jdbcType=VARCHAR},
        </if>
        <if test="null != username">
            username = #{username,jdbcType=VARCHAR},
        </if>
        <if test="null != password">
            password = #{password,jdbcType=VARCHAR},
        </if>
        <if test="null != extendParameters">
            extend_parameters = #{extendParameters,jdbcType=VARCHAR},
        </if>
        <if test="null != description">
            description = #{description,jdbcType=VARCHAR},
        </if>
        <if test="null != operator">
            operator = #{operator,jdbcType=VARCHAR},
        </if>
    </sql>

    <sql id="select_columns">
        id, database_id, schema, username, password, extend_parameters, description, operator, create_time, modify_time
    </sql>

    <sql id="select_count">
        COUNT(id) AS total
    </sql>

    <sql id="where_unique_query">
        database_id = #{databaseId,jdbcType=INTEGER}
        AND schema = #{schema,jdbcType=VARCHAR}
        AND username = #{username,jdbcType=VARCHAR}
        AND password = #{password,jdbcType=VARCHAR}
    </sql>

    <sql id="where_fuzzy_query">
        <if test="null != operator">
            AND operator = #{operator,jdbcType=VARCHAR}
        </if>
        <if test="null != schema">
            OR schema LIKE CONCAT('%', #{schema,jdbcType=VARCHAR}, '%')
        </if>
        <if test="null != extendParameters">
            OR extend_parameters = LIKE CONCAT('%', #{extendParameters,jdbcType=VARCHAR}, '%')
        </if>
        <if test="null != description">
            OR description LIKE CONCAT('%', #{description,jdbcType=VARCHAR}, '%')
        </if>
    </sql>

    <sql id="where_fuzzy_query_page">
        <if test="null != query.operator">
            AND operator = #{query.operator,jdbcType=VARCHAR}
        </if>
        <if test="null != query.schema">
            OR schema LIKE CONCAT('%', #{query.schema,jdbcType=VARCHAR}, '%')
        </if>
        <if test="null != query.extendParameters">
            OR extend_parameters LIKE CONCAT('%', #{query.extendParameters,jdbcType=VARCHAR}, '%')
        </if>
        <if test="null != query.description">
            OR description LIKE CONCAT('%', #{query.description,jdbcType=VARCHAR}, '%')
        </if>
    </sql>

    <insert id="insert" parameterType="com.zergclan.wormhole.console.application.domain.entity.DatasourceInfo">
        INSERT INTO <include refid="table_name"/> (<include refid="insert_columns"/>) VALUES (<include refid="insert_values"/>)
    </insert>

    <insert id="insertBatch" parameterType="java.util.Collection">
        INSERT INTO <include refid="table_name"/> (<include refid="insert_columns"/>)
        VALUES
        <foreach collection="list" item="batch" separator=",">
            (<include refid="insert_batch_values"/>)
        </foreach>
    </insert>

    <update id="updateById" parameterType="com.zergclan.wormhole.console.application.domain.entity.DatasourceInfo">
        UPDATE <include refid="table_name"/>
        <set>
            <include refid="update_columns"/>
            modify_time = #{modifyTime,jdbcType=VARCHAR}
        </set>
        WHERE <include refid="id"/>
    </update>

    <delete id="deleteById" parameterType="java.lang.Integer">
        DELETE FROM <include refid="table_name"/> WHERE <include refid="id"/>
    </delete>

    <select id="get" parameterType="java.lang.Integer" resultMap="DatasourceInfoResultMap">
        SELECT <include refid="select_columns"/> FROM <include refid="table_name"/> WHERE <include refid="id"/>
    </select>

    <select id="getOne" parameterType="com.zergclan.wormhole.console.application.domain.entity.DatasourceInfo" resultMap="DatasourceInfoResultMap">
        SELECT <include refid="select_columns"/> FROM <include refid="table_name"/> WHERE <include refid="where_unique_query"/>
    </select>

    <select id="countAll" resultType="java.lang.Integer">
        SELECT <include refid="select_count"/> FROM <include refid="table_name"/>
    </select>

    <select id="listAll" resultMap="DatasourceInfoResultMap">
        SELECT <include refid="select_columns"/> FROM <include refid="table_name"/>
    </select>

    <select id="listInIds" parameterType="java.util.Collection" resultType="java.lang.Integer">
        SELECT <include refid="select_columns"/> FROM <include refid="table_name"/>
        WHERE id IN
        <foreach collection="list" item="id" open="(" close=")" separator=",">
            #{id,jdbcType=INTEGER}
        </foreach>
    </select>

    <select id="countByPage" parameterType="com.zergclan.wormhole.console.application.domain.entity.DatasourceInfo" resultType="java.lang.Integer">
        SELECT <include refid="select_count"/> FROM <include refid="table_name"/>
        <where>
            <include refid="where_fuzzy_query"/>
        </where>
    </select>

    <select id="page" parameterType="com.zergclan.wormhole.console.api.vo.PageQuery" resultMap="DatasourceInfoResultMap">
        SELECT <include refid="select_columns"/> FROM <include refid="table_name"/>
        <where>
            <include refid="where_fuzzy_query_page"/>
        </where>
        <include refid="limit"/>
    </select>
</mapper>