<?xml version="1.0" encoding="UTF-8"?>
<!--
  ~ Licensed to the Apache Software Foundation (ASF) under one or more
  ~ contributor license agreements.  See the NOTICE file distributed with
  ~ this work for additional information regarding copyright ownership.
  ~ The ASF licenses this file to You under the Apache License, Version 2.0
  ~ (the "License"); you may not use this file except in compliance with
  ~ the License.  You may obtain a copy of the License at
  ~
  ~     http://www.apache.org/licenses/LICENSE-2.0
  ~
  ~ Unless required by applicable law or agreed to in writing, software
  ~ distributed under the License is distributed on an "AS IS" BASIS,
  ~ WITHOUT WARRANTIES OR CONDITIONS OF ANY KIND, either express or implied.
  ~ See the License for the specific language governing permissions and
  ~ limitations under the License.
  -->

<!DOCTYPE mapper PUBLIC "-//mybatis.org//DTD Mapper 3.0//EN" "http://mybatis.org/dtd/mybatis-3-mapper.dtd">
<mapper namespace="com.zergclan.wormhole.console.infra.repository.mapper.PlanTaskLinkingMapper">
    <resultMap id="PlanTaskLinkingResultMap" type="com.zergclan.wormhole.console.application.domain.entity.PlanTaskLinking">
        <result column="id" property="id" jdbcType="INTEGER"/>
        <result column="plan_id" property="planId" jdbcType="INTEGER"/>
        <result column="task_id" property="taskId" jdbcType="INTEGER"/>
        <result column="order" property="order" jdbcType="INTEGER"/>
        <result column="operator" property="operator" jdbcType="INTEGER"/>
        <result column="create_time" property="createTime" jdbcType="TIMESTAMP"/>
        <result column="modify_time" property="modifyTime" jdbcType="TIMESTAMP"/>
    </resultMap>

    <sql id="table_name">plan_task_linking</sql>

    <sql id="id">id = #{id,jdbcType=INTEGER}</sql>

    <sql id="limit">LIMIT #{start}, #{size}</sql>

    <sql id="insert_columns">
        plan_id, task_id, order, operator, create_time, modify_time
    </sql>

    <sql id="insert_values">
        #{plan_id,jdbcType=INTEGER}, #{task_id,jdbcType=INTEGER}, #{order,jdbcType=INTEGER},
        #{operator,jdbcType=INTEGER}, #{createTime,jdbcType=TIMESTAMP}, #{modifyTime,jdbcType=TIMESTAMP}
    </sql>

    <sql id="insert_batch_values">
        #{batch.planId,jdbcType=INTEGER}, #{batch.taskId,jdbcType=INTEGER}, #{batch.order,jdbcType=INTEGER},
        #{batch.operator,jdbcType=INTEGER}, #{batch.createTime,jdbcType=TIMESTAMP}, #{batch.modifyTime,jdbcType=TIMESTAMP}
    </sql>

    <sql id="update_columns">
        <if test="null != planId">
            plan_id = #{planId,jdbcType=VARCHAR},
        </if>
        <if test="null != taskId">
            task_id = #{taskId,jdbcType=VARCHAR},
        </if>
        <if test="null != order">
            order = #{order,jdbcType=VARCHAR},
        </if>
        <if test="null != operator">
            operator = #{operator,jdbcType=INTEGER},
        </if>
    </sql>

    <sql id="select_columns">
        id, plan_id, task_id, order, operator, create_time, modify_time
    </sql>

    <sql id="select_count">
        COUNT(id) AS total
    </sql>

    <insert id="insert" parameterType="com.zergclan.wormhole.console.application.domain.entity.PlanTaskLinking">
        INSERT INTO <include refid="table_name"/> (<include refid="insert_columns"/>) VALUES (<include refid="insert_values"/>)
    </insert>

    <insert id="insertBatch" parameterType="java.util.Collection">
        INSERT INTO <include refid="table_name"/> (<include refid="insert_columns"/>)
        VALUES
        <foreach collection="list" item="batch" separator=",">
            (<include refid="insert_batch_values"/>)
        </foreach>
    </insert>

    <update id="updateById" parameterType="com.zergclan.wormhole.console.application.domain.entity.PlanTaskLinking">
        UPDATE <include refid="table_name"/>
        <set>
            <include refid="update_columns"/>
            modify_time = #{modifyTime,jdbcType=VARCHAR}
        </set>
        WHERE <include refid="id"/>
    </update>

    <delete id="deleteById" parameterType="java.lang.Integer">
        DELETE FROM <include refid="table_name"/> WHERE <include refid="id"/>
    </delete>

    <select id="get" parameterType="java.lang.Integer" resultMap="PlanTaskLinkingResultMap">
        SELECT <include refid="select_columns"/> FROM <include refid="table_name"/> WHERE <include refid="id"/>
    </select>

    <select id="countAll" resultType="java.lang.Integer">
        SELECT <include refid="select_count"/> FROM <include refid="table_name"/>
    </select>

    <select id="listAll" resultMap="PlanTaskLinkingResultMap">
        SELECT <include refid="select_columns"/> FROM <include refid="table_name"/>
    </select>

    <select id="listInIds" parameterType="java.util.Collection" resultType="java.lang.Integer">
        SELECT <include refid="select_columns"/> FROM <include refid="table_name"/>
        WHERE id IN
        <foreach collection="list" item="id" open="(" close=")" separator=",">
            #{id,jdbcType=INTEGER}
        </foreach>
    </select>
</mapper>
