<assembly
	xmlns="http://maven.apache.org/plugins/maven-assembly-plugin/assembly/1.1.2"
	xmlns:xsi="http://www.w3.org/2001/XMLSchema-instance"
	xsi:schemaLocation="http://maven.apache.org/plugins/maven-assembly-plugin/assembly/1.1.2 http://maven.apache.org/xsd/assembly-1.1.2.xsd">

	<id>bin</id>
	<formats>
		<format>zip</format>
	</formats>
	<componentDescriptors>
		<componentDescriptor>src/assembly/bin-component.xml</componentDescriptor>
	</componentDescriptors>
	<fileSets>
		<fileSet>
			<directory>${project.build.directory}/appassembler/bin</directory>
			<outputDirectory>bin</outputDirectory>
			<includes>
				<include>supose.bat</include>
			</includes>
		</fileSet>
	</fileSets>
</assembly>

