{
  "generator-jhipster": {
    "promptValues": {
      "packageName": "acme.hello"
    },
    "jhipsterVersion": "6.3.1",
    "applicationType": "monolith",
    "baseName": "hello",
    "packageName": "acme.hello",
    "packageFolder": "acme/hello",
    "serverPort": "8080",
    "authenticationType": "jwt",
    "cacheProvider": "ehcache",
    "enableHibernateCache": false,
    "websocket": false,
    "databaseType": "no",
    "devDatabaseType": "no",
    "prodDatabaseType": "no",
    "searchEngine": false,
    "messageBroker": false,
    "serviceDiscoveryType": false,
    "buildTool": "maven",
    "enableSwaggerCodegen": false,
    "jwtSecretKey": "NTdhZWE2NDU1ODU3Mzk3OGZmMGJiMWQyZGNjNTQxODJhZjBlNzk2NzAxM2MxMWI0ZGIyYzI3NTkzZWI2ZTUxYjdjYmYxNDdiM2MyNWU5Yzg0MGY0NGM2MGRmMDM3ZGVlMWFhMDExMDVjMTJjY2E0ZjNkMzJjOWMzYmQ3OTY5MjI=",
    "embeddableLaunchScript": false,
    "useSass": true,
    "clientPackageManager": "npm",
    "clientFramework": "angularX",
    "clientTheme": "none",
    "clientThemeVariant": "",
    "testFrameworks": [],
    "jhiPrefix": "jhi",
    "entitySuffix": "",
    "dtoSuffix": "DTO",
    "otherModules": [],
    "enableTranslation": false,
    "blueprints": []
  }
}
