<?xml version="1.0" encoding="UTF-8"?>
<!DOCTYPE module PUBLIC "-//Puppy Crawl//DTD Check Configuration 1.2//EN" "http://www.puppycrawl.com/dtds/configuration_1_2.dtd">
<!-- Generated by Sonar -->
<module name="Checker">
	<module name="SuppressionCommentFilter"/>
	<module name="TreeWalker">
		<module name="FileContentsHolder"/>
		<module name="CyclomaticComplexity">
			<property name="severity" value="warning"/>
			<property name="max" value="7"/>
		</module>
		<module name="HiddenField">
			<property name="severity" value="warning"/>
			<property name="tokens" value="VARIABLE_DEF"/>
			<property name="ignoreConstructorParameter" value="true"/>
			<property name="ignoreSetter" value="true"/>
			<property name="ignoreAbstractMethods" value="true"/>
		</module>
		<module name="StringLiteralEquality">
			<property name="severity" value="warning"/>
		</module>
		<module name="LocalVariableName">
			<property name="severity" value="warning"/>
		</module>
		<module name="JavadocType">
			<property name="severity" value="error"/>
			<property name="scope" value="package"/>
		</module>
		<module name="IllegalThrows">
			<property name="severity" value="warning"/>
		</module>
		<module name="AnonInnerLength">
			<property name="severity" value="warning"/>
		</module>
		<module name="StaticVariableName">
			<property name="severity" value="warning"/>
		</module>
		<module name="ParameterName">
			<property name="severity" value="warning"/>
		</module>
		<module name="MethodName">
			<property name="severity" value="warning"/>
		</module>
		<module name="FinalClass">
			<property name="severity" value="warning"/>
		</module>
		<module name="DefaultComesLast">
			<property name="severity" value="warning"/>
		</module>
		<module name="LocalFinalVariableName">
			<property name="severity" value="warning"/>
		</module>
		<module name="MemberName">
			<property name="severity" value="warning"/>
		</module>
		<module name="EqualsHashCode">
			<property name="severity" value="warning"/>
		</module>
		<module name="VisibilityModifier">
			<property name="severity" value="warning"/>
			<property name="packageAllowed" value="true"/>
			<property name="protectedAllowed" value="true"/>
		</module>
		<module name="EmptyStatement">
			<property name="severity" value="info"/>
		</module>
		<module name="PackageName">
			<property name="severity" value="warning"/>
		</module>
		<module name="ConstantName">
			<property name="severity" value="info"/>
		</module>
		<module name="ParameterAssignment">
			<property name="severity" value="warning"/>
		</module>
		<module name="JavadocStyle">
			<property name="severity" value="info"/>
		</module>
		<module name="SimplifyBooleanExpression">
			<property name="severity" value="info"/>
		</module>
		<module name="HideUtilityClassConstructor">
			<property name="severity" value="warning"/>
		</module>
		<module name="SimplifyBooleanReturn">
			<property name="severity" value="info"/>
		</module>
		<module name="JavadocMethod">
			<property name="severity" value="warning"/>
			<property name="scope" value="package"/>
			<property name="allowUndeclaredRTE" value="true"/>
			<property name="allowThrowsTagsForSubclasses" value="true"/>
			<property name="allowMissingPropertyJavadoc" value="true"/>
		</module>
		<module name="ModifierOrder">
			<property name="severity" value="info"/>
		</module>
		<module name="BooleanExpressionComplexity">
			<property name="severity" value="warning"/>
		</module>
		<module name="InnerAssignment">
			<property name="severity" value="warning"/>
		</module>
		<module name="MagicNumber">
			<property name="severity" value="info"/>
		</module>
	</module>
</module>