<!-- ====================================================================== -->
<!--                                                                        -->
<!-- Generated by Maven Help Plugin on 2014-09-02T01:16:13                  -->
<!-- See: http://maven.apache.org/plugins/maven-help-plugin/                -->
<!--                                                                        -->
<!-- ====================================================================== -->

<!-- ====================================================================== -->
<!--                                                                        -->
<!-- Effective POM for project                                              -->
<!-- 'com.soebes.maven.training.module:600-profiles:jar:0.1.0-SNAPSHOT'     -->
<!--                                                                        -->
<!-- ====================================================================== -->

<project xmlns="http://maven.apache.org/POM/4.0.0" xmlns:xsi="http://www.w3.org/2001/XMLSchema-instance" xsi:schemaLocation="http://maven.apache.org/POM/4.0.0 http://maven.apache.org/xsd/maven-4.0.0.xsd">
  <modelVersion>4.0.0</modelVersion>
  <groupId>com.soebes.maven.training.module</groupId>
  <artifactId>600-profiles</artifactId>
  <version>0.1.0-SNAPSHOT</version>
  <name>600 :: Profiles</name>
  <repositories>
    <repository>
      <releases>
        <enabled>true</enabled>
      </releases>
      <snapshots>
        <enabled>true</enabled>
      </snapshots>
      <id>central</id>
      <url>http://central</url>
    </repository>
  </repositories>
  <pluginRepositories>
    <pluginRepository>
      <releases>
        <enabled>true</enabled>
      </releases>
      <snapshots>
        <enabled>true</enabled>
      </snapshots>
      <id>central</id>
      <url>http://central</url>
    </pluginRepository>
  </pluginRepositories>
  <build>
    <sourceDirectory>/Users/kama/ws-git/maven-training/600-profiles/src/main/java</sourceDirectory>
    <scriptSourceDirectory>/Users/kama/ws-git/maven-training/600-profiles/src/main/scripts</scriptSourceDirectory>
    <testSourceDirectory>/Users/kama/ws-git/maven-training/600-profiles/src/test/java</testSourceDirectory>
    <outputDirectory>/Users/kama/ws-git/maven-training/600-profiles/target/classes</outputDirectory>
    <testOutputDirectory>/Users/kama/ws-git/maven-training/600-profiles/target/test-classes</testOutputDirectory>
    <resources>
      <resource>
        <directory>/Users/kama/ws-git/maven-training/600-profiles/src/main/resources</directory>
      </resource>
    </resources>
    <testResources>
      <testResource>
        <directory>/Users/kama/ws-git/maven-training/600-profiles/src/test/resources</directory>
      </testResource>
    </testResources>
    <directory>/Users/kama/ws-git/maven-training/600-profiles/target</directory>
    <finalName>600-profiles-0.1.0-SNAPSHOT</finalName>
    <pluginManagement>
      <plugins>
        <plugin>
          <artifactId>maven-antrun-plugin</artifactId>
          <version>1.3</version>
        </plugin>
        <plugin>
          <artifactId>maven-assembly-plugin</artifactId>
          <version>2.2-beta-5</version>
        </plugin>
        <plugin>
          <artifactId>maven-dependency-plugin</artifactId>
          <version>2.8</version>
        </plugin>
        <plugin>
          <artifactId>maven-release-plugin</artifactId>
          <version>2.3.2</version>
        </plugin>
      </plugins>
    </pluginManagement>
    <plugins>
      <plugin>
        <groupId>com.soebes.maven.plugins</groupId>
        <artifactId>maven-echo-plugin</artifactId>
        <version>0.1</version>
        <executions>
          <execution>
            <id>max-os-x-10.8.5</id>
            <phase>validate</phase>
            <goals>
              <goal>echo</goal>
            </goals>
            <configuration>
              <echos>
                <echo>MAC OS X 10.8.5</echo>
              </echos>
            </configuration>
          </execution>
        </executions>
        <configuration>
          <echos>
            <echo>MAC OS X 10.8.5</echo>
          </echos>
        </configuration>
      </plugin>
      <plugin>
        <artifactId>maven-clean-plugin</artifactId>
        <version>2.5</version>
        <executions>
          <execution>
            <id>default-clean</id>
            <phase>clean</phase>
            <goals>
              <goal>clean</goal>
            </goals>
          </execution>
        </executions>
      </plugin>
      <plugin>
        <artifactId>maven-install-plugin</artifactId>
        <version>2.4</version>
        <executions>
          <execution>
            <id>default-install</id>
            <phase>install</phase>
            <goals>
              <goal>install</goal>
            </goals>
          </execution>
        </executions>
      </plugin>
      <plugin>
        <artifactId>maven-resources-plugin</artifactId>
        <version>2.6</version>
        <executions>
          <execution>
            <id>default-resources</id>
            <phase>process-resources</phase>
            <goals>
              <goal>resources</goal>
            </goals>
          </execution>
          <execution>
            <id>default-testResources</id>
            <phase>process-test-resources</phase>
            <goals>
              <goal>testResources</goal>
            </goals>
          </execution>
        </executions>
      </plugin>
      <plugin>
        <artifactId>maven-surefire-plugin</artifactId>
        <version>2.12.4</version>
        <executions>
          <execution>
            <id>default-test</id>
            <phase>test</phase>
            <goals>
              <goal>test</goal>
            </goals>
          </execution>
        </executions>
      </plugin>
      <plugin>
        <artifactId>maven-compiler-plugin</artifactId>
        <version>2.5.1</version>
        <executions>
          <execution>
            <id>default-testCompile</id>
            <phase>test-compile</phase>
            <goals>
              <goal>testCompile</goal>
            </goals>
          </execution>
          <execution>
            <id>default-compile</id>
            <phase>compile</phase>
            <goals>
              <goal>compile</goal>
            </goals>
          </execution>
        </executions>
      </plugin>
      <plugin>
        <artifactId>maven-jar-plugin</artifactId>
        <version>2.4</version>
        <executions>
          <execution>
            <id>default-jar</id>
            <phase>package</phase>
            <goals>
              <goal>jar</goal>
            </goals>
          </execution>
        </executions>
      </plugin>
      <plugin>
        <artifactId>maven-deploy-plugin</artifactId>
        <version>2.7</version>
        <executions>
          <execution>
            <id>default-deploy</id>
            <phase>deploy</phase>
            <goals>
              <goal>deploy</goal>
            </goals>
          </execution>
        </executions>
      </plugin>
      <plugin>
        <artifactId>maven-site-plugin</artifactId>
        <version>3.3</version>
        <executions>
          <execution>
            <id>default-site</id>
            <phase>site</phase>
            <goals>
              <goal>site</goal>
            </goals>
            <configuration>
              <outputDirectory>/Users/kama/ws-git/maven-training/600-profiles/target/site</outputDirectory>
              <reportPlugins>
                <reportPlugin>
                  <groupId>org.apache.maven.plugins</groupId>
                  <artifactId>maven-project-info-reports-plugin</artifactId>
                </reportPlugin>
              </reportPlugins>
            </configuration>
          </execution>
          <execution>
            <id>default-deploy</id>
            <phase>site-deploy</phase>
            <goals>
              <goal>deploy</goal>
            </goals>
            <configuration>
              <outputDirectory>/Users/kama/ws-git/maven-training/600-profiles/target/site</outputDirectory>
              <reportPlugins>
                <reportPlugin>
                  <groupId>org.apache.maven.plugins</groupId>
                  <artifactId>maven-project-info-reports-plugin</artifactId>
                </reportPlugin>
              </reportPlugins>
            </configuration>
          </execution>
        </executions>
        <configuration>
          <outputDirectory>/Users/kama/ws-git/maven-training/600-profiles/target/site</outputDirectory>
          <reportPlugins>
            <reportPlugin>
              <groupId>org.apache.maven.plugins</groupId>
              <artifactId>maven-project-info-reports-plugin</artifactId>
            </reportPlugin>
          </reportPlugins>
        </configuration>
      </plugin>
    </plugins>
  </build>
  <reporting>
    <outputDirectory>/Users/kama/ws-git/maven-training/600-profiles/target/site</outputDirectory>
  </reporting>
  <profiles>
    <profile>
      <id>windows-xp</id>
      <activation>
        <os>
          <name>Windows XP</name>
          <family>Windows</family>
          <arch>x86</arch>
          <version>5.1.2600</version>
        </os>
      </activation>
      <build>
        <plugins>
          <plugin>
            <groupId>com.soebes.maven.plugins</groupId>
            <artifactId>maven-echo-plugin</artifactId>
            <version>0.1</version>
            <executions>
              <execution>
                <id>windows-xp</id>
                <phase>validate</phase>
                <goals>
                  <goal>echo</goal>
                </goals>
              </execution>
            </executions>
            <configuration>
              <echos>
                <echo>Windows XP Profile</echo>
              </echos>
            </configuration>
          </plugin>
        </plugins>
      </build>
    </profile>
    <profile>
      <id>mac-os-x</id>
      <activation>
        <os>
          <name>mac os x</name>
          <family>mac</family>
          <arch>x86_64</arch>
          <version>10.5.8</version>
        </os>
      </activation>
      <build>
        <plugins>
          <plugin>
            <groupId>com.soebes.maven.plugins</groupId>
            <artifactId>maven-echo-plugin</artifactId>
            <version>0.1</version>
            <executions>
              <execution>
                <id>max-os-x-10.5.8</id>
                <phase>validate</phase>
                <goals>
                  <goal>echo</goal>
                </goals>
              </execution>
            </executions>
            <configuration>
              <echos>
                <echo>MAC OS X 10.5.8</echo>
              </echos>
            </configuration>
          </plugin>
        </plugins>
      </build>
    </profile>
    <profile>
      <id>mac-os-x-10.8.4</id>
      <activation>
        <os>
          <name>mac os x</name>
          <family>mac</family>
          <arch>x86_64</arch>
          <version>10.8.4</version>
        </os>
      </activation>
      <build>
        <plugins>
          <plugin>
            <groupId>com.soebes.maven.plugins</groupId>
            <artifactId>maven-echo-plugin</artifactId>
            <version>0.1</version>
            <executions>
              <execution>
                <id>max-os-x-10.8.4</id>
                <phase>validate</phase>
                <goals>
                  <goal>echo</goal>
                </goals>
              </execution>
            </executions>
            <configuration>
              <echos>
                <echo>MAC OS X 10.8.4</echo>
              </echos>
            </configuration>
          </plugin>
        </plugins>
      </build>
    </profile>
    <profile>
      <id>mac-os-x-10.8.5</id>
      <activation>
        <os>
          <name>mac os x</name>
          <family>mac</family>
          <arch>x86_64</arch>
          <version>10.8.5</version>
        </os>
      </activation>
      <build>
        <plugins>
          <plugin>
            <groupId>com.soebes.maven.plugins</groupId>
            <artifactId>maven-echo-plugin</artifactId>
            <version>0.1</version>
            <executions>
              <execution>
                <id>max-os-x-10.8.5</id>
                <phase>validate</phase>
                <goals>
                  <goal>echo</goal>
                </goals>
              </execution>
            </executions>
            <configuration>
              <echos>
                <echo>MAC OS X 10.8.5</echo>
              </echos>
            </configuration>
          </plugin>
        </plugins>
      </build>
    </profile>
    <profile>
      <id>hudson-build</id>
      <activation>
        <property>
          <name>HUDSON_JOB_ID</name>
        </property>
      </activation>
    </profile>
    <profile>
      <id>jenkins-build</id>
      <activation>
        <property>
          <name>JENKINS_JOB_ID</name>
        </property>
      </activation>
    </profile>
  </profiles>
</project>