<assembly xmlns="http://maven.apache.org/plugins/maven-assembly-plugin/assembly/1.1.0" 
  xmlns:xsi="http://www.w3.org/2001/XMLSchema-instance"
  xsi:schemaLocation="http://maven.apache.org/plugins/maven-assembly-plugin/assembly/1.1.0 http://maven.apache.org/xsd/assembly-1.1.0.xsd">

  <id>dep</id>
  <formats>
    <format>dir</format>
  </formats>
  <includeBaseDirectory>true</includeBaseDirectory>

  <dependencySets>
    <dependencySet>
      <unpack>false</unpack>
      <useProjectArtifact>false</useProjectArtifact>
      <outputDirectory/>
    </dependencySet>
  </dependencySets>
</assembly>
